YearMonth,Value,month_number,date,year,month
188001,-0.0125,1,1880-01-01,1880,Jan
188002,-0.1339,2,1880-02-01,1880,Feb
188003,-0.1474,3,1880-03-01,1880,Mar
188004,-0.0611,4,1880-04-01,1880,Apr
188005,-0.0927,5,1880-05-01,1880,May
188006,-0.1853,6,1880-06-01,1880,Jun
188007,-0.1686,7,1880-07-01,1880,Jul
188008,-0.0929,8,1880-08-01,1880,Aug
188009,-0.0997,9,1880-09-01,1880,Sep
188010,-0.1959,10,1880-10-01,1880,Oct
188011,-0.285,11,1880-11-01,1880,Nov
188012,-0.0939,12,1880-12-01,1880,Dec
188101,-0.0377,13,1881-01-01,1881,Jan
188102,-0.0457,14,1881-02-01,1881,Feb
188103,0.0117,15,1881-03-01,1881,Mar
188104,0.0542,16,1881-04-01,1881,Apr
188105,0.0068,17,1881-05-01,1881,May
188106,-0.1147,18,1881-06-01,1881,Jun
188107,-0.0589,19,1881-07-01,1881,Jul
188108,-0.0734,20,1881-08-01,1881,Aug
188109,-0.201,21,1881-09-01,1881,Sep
188110,-0.2376,22,1881-10-01,1881,Oct
188111,-0.2387,23,1881-11-01,1881,Nov
188112,-0.067,24,1881-12-01,1881,Dec
188201,0.0734,25,1882-01-01,1882,Jan
188202,0.0198,26,1882-02-01,1882,Feb
188203,0.0564,27,1882-03-01,1882,Mar
188204,-0.1431,28,1882-04-01,1882,Apr
188205,-0.167,29,1882-05-01,1882,May
188206,-0.1564,30,1882-06-01,1882,Jun
188207,-0.0825,31,1882-07-01,1882,Jul
188208,-0.0231,32,1882-08-01,1882,Aug
188209,-0.0106,33,1882-09-01,1882,Sep
188210,-0.2234,34,1882-10-01,1882,Oct
188211,-0.1449,35,1882-11-01,1882,Nov
188212,-0.1896,36,1882-12-01,1882,Dec
188301,-0.2804,37,1883-01-01,1883,Jan
188302,-0.3072,38,1883-02-01,1883,Feb
188303,-0.1529,39,1883-03-01,1883,Mar
188304,-0.1904,40,1883-04-01,1883,Apr
188305,-0.158,41,1883-05-01,1883,May
188306,-0.0218,42,1883-06-01,1883,Jun
188307,-0.0978,43,1883-07-01,1883,Jul
188308,-0.0647,44,1883-08-01,1883,Aug
188309,-0.1621,45,1883-09-01,1883,Sep
188310,-0.1779,46,1883-10-01,1883,Oct
188311,-0.1862,47,1883-11-01,1883,Nov
188312,-0.0944,48,1883-12-01,1883,Dec
188401,-0.2026,49,1884-01-01,1884,Jan
188402,-0.1624,50,1884-02-01,1884,Feb
188403,-0.2258,51,1884-03-01,1884,Mar
188404,-0.2004,52,1884-04-01,1884,Apr
188405,-0.1481,53,1884-05-01,1884,May
188406,-0.2122,54,1884-06-01,1884,Jun
188407,-0.3186,55,1884-07-01,1884,Jul
188408,-0.2877,56,1884-08-01,1884,Aug
188409,-0.241,57,1884-09-01,1884,Sep
188410,-0.1861,58,1884-10-01,1884,Oct
188411,-0.2867,59,1884-11-01,1884,Nov
188412,-0.1631,60,1884-12-01,1884,Dec
188501,-0.4414,61,1885-01-01,1885,Jan
188502,-0.2708,62,1885-02-01,1885,Feb
188503,-0.1627,63,1885-03-01,1885,Mar
188504,-0.27,64,1885-04-01,1885,Apr
188505,-0.2957,65,1885-05-01,1885,May
188506,-0.3214,66,1885-06-01,1885,Jun
188507,-0.2534,67,1885-07-01,1885,Jul
188508,-0.2568,68,1885-08-01,1885,Aug
188509,-0.2108,69,1885-09-01,1885,Sep
188510,-0.1421,70,1885-10-01,1885,Oct
188511,-0.1431,71,1885-11-01,1885,Nov
188512,0.035,72,1885-12-01,1885,Dec
188601,-0.1241,73,1886-01-01,1886,Jan
188602,-0.2933,74,1886-02-01,1886,Feb
188603,-0.2966,75,1886-03-01,1886,Mar
188604,-0.1815,76,1886-04-01,1886,Apr
188605,-0.1685,77,1886-05-01,1886,May
188606,-0.2583,78,1886-06-01,1886,Jun
188607,-0.1749,79,1886-07-01,1886,Jul
188608,-0.2278,80,1886-08-01,1886,Aug
188609,-0.206,81,1886-09-01,1886,Sep
188610,-0.2387,82,1886-10-01,1886,Oct
188611,-0.2093,83,1886-11-01,1886,Nov
188612,-0.174,84,1886-12-01,1886,Dec
188701,-0.3952,85,1887-01-01,1887,Jan
188702,-0.3886,86,1887-02-01,1887,Feb
188703,-0.1744,87,1887-03-01,1887,Mar
188704,-0.2035,88,1887-04-01,1887,Apr
188705,-0.2461,89,1887-05-01,1887,May
188706,-0.2275,90,1887-06-01,1887,Jun
188707,-0.282,91,1887-07-01,1887,Jul
188708,-0.3261,92,1887-08-01,1887,Aug
188709,-0.1947,93,1887-09-01,1887,Sep
188710,-0.3086,94,1887-10-01,1887,Oct
188711,-0.169,95,1887-11-01,1887,Nov
188712,-0.2079,96,1887-12-01,1887,Dec
188801,-0.3975,97,1888-01-01,1888,Jan
188802,-0.3402,98,1888-02-01,1888,Feb
188803,-0.3108,99,1888-03-01,1888,Mar
188804,-0.1851,100,1888-04-01,1888,Apr
188805,-0.1694,101,1888-05-01,1888,May
188806,-0.1054,102,1888-06-01,1888,Jun
188807,-0.1258,103,1888-07-01,1888,Jul
188808,-0.1716,104,1888-08-01,1888,Aug
188809,-0.08,105,1888-09-01,1888,Sep
188810,0.0057,106,1888-10-01,1888,Oct
188811,-0.0567,107,1888-11-01,1888,Nov
188812,0.0288,108,1888-12-01,1888,Dec
188901,-0.1069,109,1889-01-01,1889,Jan
188902,0.002,110,1889-02-01,1889,Feb
188903,0.1074,111,1889-03-01,1889,Mar
188904,0.0389,112,1889-04-01,1889,Apr
188905,-0.0423,113,1889-05-01,1889,May
188906,-0.0864,114,1889-06-01,1889,Jun
188907,-0.1749,115,1889-07-01,1889,Jul
188908,-0.1513,116,1889-08-01,1889,Aug
188909,-0.2372,117,1889-09-01,1889,Sep
188910,-0.2066,118,1889-10-01,1889,Oct
188911,-0.2902,119,1889-11-01,1889,Nov
188912,-0.1915,120,1889-12-01,1889,Dec
189001,-0.3721,121,1890-01-01,1890,Jan
189002,-0.4409,122,1890-02-01,1890,Feb
189003,-0.3324,123,1890-03-01,1890,Mar
189004,-0.2695,124,1890-04-01,1890,Apr
189005,-0.3992,125,1890-05-01,1890,May
189006,-0.2971,126,1890-06-01,1890,Jun
189007,-0.2914,127,1890-07-01,1890,Jul
189008,-0.3373,128,1890-08-01,1890,Aug
189009,-0.3634,129,1890-09-01,1890,Sep
189010,-0.3064,130,1890-10-01,1890,Oct
189011,-0.3513,131,1890-11-01,1890,Nov
189012,-0.2418,132,1890-12-01,1890,Dec
189101,-0.3919,133,1891-01-01,1891,Jan
189102,-0.5344,134,1891-02-01,1891,Feb
189103,-0.2224,135,1891-03-01,1891,Mar
189104,-0.2617,136,1891-04-01,1891,Apr
189105,-0.1474,137,1891-05-01,1891,May
189106,-0.2127,138,1891-06-01,1891,Jun
189107,-0.2379,139,1891-07-01,1891,Jul
189108,-0.2404,140,1891-08-01,1891,Aug
189109,-0.161,141,1891-09-01,1891,Sep
189110,-0.2969,142,1891-10-01,1891,Oct
189111,-0.4061,143,1891-11-01,1891,Nov
189112,-0.0541,144,1891-12-01,1891,Dec
189201,-0.2426,145,1892-01-01,1892,Jan
189202,-0.1434,146,1892-02-01,1892,Feb
189203,-0.312,147,1892-03-01,1892,Mar
189204,-0.3267,148,1892-04-01,1892,Apr
189205,-0.3148,149,1892-05-01,1892,May
189206,-0.2932,150,1892-06-01,1892,Jun
189207,-0.3608,151,1892-07-01,1892,Jul
189208,-0.3395,152,1892-08-01,1892,Aug
189209,-0.23,153,1892-09-01,1892,Sep
189210,-0.2572,154,1892-10-01,1892,Oct
189211,-0.4799,155,1892-11-01,1892,Nov
189212,-0.4844,156,1892-12-01,1892,Dec
189301,-0.6897,157,1893-01-01,1893,Jan
189302,-0.6209,158,1893-02-01,1893,Feb
189303,-0.2321,159,1893-03-01,1893,Mar
189304,-0.3585,160,1893-04-01,1893,Apr
189305,-0.3506,161,1893-05-01,1893,May
189306,-0.2455,162,1893-06-01,1893,Jun
189307,-0.2085,163,1893-07-01,1893,Jul
189308,-0.3366,164,1893-08-01,1893,Aug
189309,-0.268,165,1893-09-01,1893,Sep
189310,-0.2202,166,1893-10-01,1893,Oct
189311,-0.1723,167,1893-11-01,1893,Nov
189312,-0.2571,168,1893-12-01,1893,Dec
189401,-0.4448,169,1894-01-01,1894,Jan
189402,-0.2305,170,1894-02-01,1894,Feb
189403,-0.21,171,1894-03-01,1894,Mar
189404,-0.3103,172,1894-04-01,1894,Apr
189405,-0.3083,173,1894-05-01,1894,May
189406,-0.3548,174,1894-06-01,1894,Jun
189407,-0.2766,175,1894-07-01,1894,Jul
189408,-0.278,176,1894-08-01,1894,Aug
189409,-0.2612,177,1894-09-01,1894,Sep
189410,-0.2213,178,1894-10-01,1894,Oct
189411,-0.3031,179,1894-11-01,1894,Nov
189412,-0.2476,180,1894-12-01,1894,Dec
189501,-0.4426,181,1895-01-01,1895,Jan
189502,-0.4191,182,1895-02-01,1895,Feb
189503,-0.2883,183,1895-03-01,1895,Mar
189504,-0.1877,184,1895-04-01,1895,Apr
189505,-0.2097,185,1895-05-01,1895,May
189506,-0.295,186,1895-06-01,1895,Jun
189507,-0.2024,187,1895-07-01,1895,Jul
189508,-0.227,188,1895-08-01,1895,Aug
189509,-0.137,189,1895-09-01,1895,Sep
189510,-0.1365,190,1895-10-01,1895,Oct
189511,-0.1612,191,1895-11-01,1895,Nov
189512,-0.0745,192,1895-12-01,1895,Dec
189601,-0.1063,193,1896-01-01,1896,Jan
189602,-0.081,194,1896-02-01,1896,Feb
189603,-0.2094,195,1896-03-01,1896,Mar
189604,-0.2678,196,1896-04-01,1896,Apr
189605,-0.1045,197,1896-05-01,1896,May
189606,-0.092,198,1896-06-01,1896,Jun
189607,-0.0526,199,1896-07-01,1896,Jul
189608,-0.0727,200,1896-08-01,1896,Aug
189609,-0.0677,201,1896-09-01,1896,Sep
189610,-0.0109,202,1896-10-01,1896,Oct
189611,-0.1676,203,1896-11-01,1896,Nov
189612,0.0456,204,1896-12-01,1896,Dec
189701,-0.1901,205,1897-01-01,1897,Jan
189702,-0.111,206,1897-02-01,1897,Feb
189703,-0.1887,207,1897-03-01,1897,Mar
189704,-0.0044,208,1897-04-01,1897,Apr
189705,-0.0249,209,1897-05-01,1897,May
189706,-0.0994,210,1897-06-01,1897,Jun
189707,-0.0395,211,1897-07-01,1897,Jul
189708,-0.0756,212,1897-08-01,1897,Aug
189709,-0.027,213,1897-09-01,1897,Sep
189710,-0.1619,214,1897-10-01,1897,Oct
189711,-0.2613,215,1897-11-01,1897,Nov
189712,-0.2976,216,1897-12-01,1897,Dec
189801,-0.0412,217,1898-01-01,1898,Jan
189802,-0.2806,218,1898-02-01,1898,Feb
189803,-0.6607,219,1898-03-01,1898,Mar
189804,-0.3551,220,1898-04-01,1898,Apr
189805,-0.3155,221,1898-05-01,1898,May
189806,-0.2133,222,1898-06-01,1898,Jun
189807,-0.244,223,1898-07-01,1898,Jul
189808,-0.2333,224,1898-08-01,1898,Aug
189809,-0.2137,225,1898-09-01,1898,Sep
189810,-0.3287,226,1898-10-01,1898,Oct
189811,-0.2535,227,1898-11-01,1898,Nov
189812,-0.0137,228,1898-12-01,1898,Dec
189901,-0.106,229,1899-01-01,1899,Jan
189902,-0.2858,230,1899-02-01,1899,Feb
189903,-0.2587,231,1899-03-01,1899,Mar
189904,-0.2002,232,1899-04-01,1899,Apr
189905,-0.1395,233,1899-05-01,1899,May
189906,-0.2016,234,1899-06-01,1899,Jun
189907,-0.1317,235,1899-07-01,1899,Jul
189908,-0.066,236,1899-08-01,1899,Aug
189909,-0.0574,237,1899-09-01,1899,Sep
189910,-0.0311,238,1899-10-01,1899,Oct
189911,0.1352,239,1899-11-01,1899,Nov
189912,-0.1704,240,1899-12-01,1899,Dec
190001,-0.2453,241,1900-01-01,1900,Jan
190002,-0.0968,242,1900-02-01,1900,Feb
190003,-0.0457,243,1900-03-01,1900,Mar
190004,-0.0975,244,1900-04-01,1900,Apr
190005,-0.0407,245,1900-05-01,1900,May
190006,-0.0529,246,1900-06-01,1900,Jun
190007,-0.0761,247,1900-07-01,1900,Jul
190008,-0.0733,248,1900-08-01,1900,Aug
190009,-0.0665,249,1900-09-01,1900,Sep
190010,0.0442,250,1900-10-01,1900,Oct
190011,-0.1418,251,1900-11-01,1900,Nov
190012,0.0281,252,1900-12-01,1900,Dec
190101,-0.1267,253,1901-01-01,1901,Jan
190102,-0.08,254,1901-02-01,1901,Feb
190103,-0.0359,255,1901-03-01,1901,Mar
190104,-0.0691,256,1901-04-01,1901,Apr
190105,-0.129,257,1901-05-01,1901,May
190106,-0.1305,258,1901-06-01,1901,Jun
190107,-0.1564,259,1901-07-01,1901,Jul
190108,-0.1362,260,1901-08-01,1901,Aug
190109,-0.211,261,1901-09-01,1901,Sep
190110,-0.2838,262,1901-10-01,1901,Oct
190111,-0.1427,263,1901-11-01,1901,Nov
190112,-0.2427,264,1901-12-01,1901,Dec
190201,-0.0962,265,1902-01-01,1902,Jan
190202,-0.0448,266,1902-02-01,1902,Feb
190203,-0.2062,267,1902-03-01,1902,Mar
190204,-0.2773,268,1902-04-01,1902,Apr
190205,-0.2726,269,1902-05-01,1902,May
190206,-0.3419,270,1902-06-01,1902,Jun
190207,-0.2937,271,1902-07-01,1902,Jul
190208,-0.2725,272,1902-08-01,1902,Aug
190209,-0.2407,273,1902-09-01,1902,Sep
190210,-0.2881,274,1902-10-01,1902,Oct
190211,-0.3477,275,1902-11-01,1902,Nov
190212,-0.3708,276,1902-12-01,1902,Dec
190301,-0.2168,277,1903-01-01,1903,Jan
190302,-0.092,278,1903-02-01,1903,Feb
190303,-0.2847,279,1903-03-01,1903,Mar
190304,-0.3587,280,1903-04-01,1903,Apr
190305,-0.3957,281,1903-05-01,1903,May
190306,-0.3832,282,1903-06-01,1903,Jun
190307,-0.3437,283,1903-07-01,1903,Jul
190308,-0.4403,284,1903-08-01,1903,Aug
190309,-0.3812,285,1903-09-01,1903,Sep
190310,-0.4397,286,1903-10-01,1903,Oct
190311,-0.3963,287,1903-11-01,1903,Nov
190312,-0.3909,288,1903-12-01,1903,Dec
190401,-0.5474,289,1904-01-01,1904,Jan
190402,-0.4728,290,1904-02-01,1904,Feb
190403,-0.5171,291,1904-03-01,1904,Mar
190404,-0.4773,292,1904-04-01,1904,Apr
190405,-0.434,293,1904-05-01,1904,May
190406,-0.4472,294,1904-06-01,1904,Jun
190407,-0.4636,295,1904-07-01,1904,Jul
190408,-0.4357,296,1904-08-01,1904,Aug
190409,-0.4704,297,1904-09-01,1904,Sep
190410,-0.4119,298,1904-10-01,1904,Oct
190411,-0.1742,299,1904-11-01,1904,Nov
190412,-0.2466,300,1904-12-01,1904,Dec
190501,-0.3614,301,1905-01-01,1905,Jan
190502,-0.6248,302,1905-02-01,1905,Feb
190503,-0.4005,303,1905-03-01,1905,Mar
190504,-0.4583,304,1905-04-01,1905,Apr
190505,-0.2966,305,1905-05-01,1905,May
190506,-0.2577,306,1905-06-01,1905,Jun
190507,-0.1983,307,1905-07-01,1905,Jul
190508,-0.2301,308,1905-08-01,1905,Aug
190509,-0.23,309,1905-09-01,1905,Sep
190510,-0.3046,310,1905-10-01,1905,Oct
190511,-0.0972,311,1905-11-01,1905,Nov
190512,-0.1359,312,1905-12-01,1905,Dec
190601,-0.181,313,1906-01-01,1906,Jan
190602,-0.2414,314,1906-02-01,1906,Feb
190603,-0.1534,315,1906-03-01,1906,Mar
190604,-0.0557,316,1906-04-01,1906,Apr
190605,-0.223,317,1906-05-01,1906,May
190606,-0.1813,318,1906-06-01,1906,Jun
190607,-0.2516,319,1906-07-01,1906,Jul
190608,-0.239,320,1906-08-01,1906,Aug
190609,-0.3127,321,1906-09-01,1906,Sep
190610,-0.2869,322,1906-10-01,1906,Oct
190611,-0.3748,323,1906-11-01,1906,Nov
190612,-0.1697,324,1906-12-01,1906,Dec
190701,-0.3488,325,1907-01-01,1907,Jan
190702,-0.4071,326,1907-02-01,1907,Feb
190703,-0.2803,327,1907-03-01,1907,Mar
190704,-0.3518,328,1907-04-01,1907,Apr
190705,-0.4695,329,1907-05-01,1907,May
190706,-0.3764,330,1907-06-01,1907,Jun
190707,-0.3592,331,1907-07-01,1907,Jul
190708,-0.3389,332,1907-08-01,1907,Aug
190709,-0.3463,333,1907-09-01,1907,Sep
190710,-0.3074,334,1907-10-01,1907,Oct
190711,-0.5085,335,1907-11-01,1907,Nov
190712,-0.3975,336,1907-12-01,1907,Dec
190801,-0.3668,337,1908-01-01,1908,Jan
190802,-0.3805,338,1908-02-01,1908,Feb
190803,-0.6126,339,1908-03-01,1908,Mar
190804,-0.4885,340,1908-04-01,1908,Apr
190805,-0.4064,341,1908-05-01,1908,May
190806,-0.41,342,1908-06-01,1908,Jun
190807,-0.3937,343,1908-07-01,1908,Jul
190808,-0.4848,344,1908-08-01,1908,Aug
190809,-0.4034,345,1908-09-01,1908,Sep
190810,-0.5239,346,1908-10-01,1908,Oct
190811,-0.4877,347,1908-11-01,1908,Nov
190812,-0.3887,348,1908-12-01,1908,Dec
190901,-0.5552,349,1909-01-01,1909,Jan
190902,-0.4628,350,1909-02-01,1909,Feb
190903,-0.5436,351,1909-03-01,1909,Mar
190904,-0.5331,352,1909-04-01,1909,Apr
190905,-0.4583,353,1909-05-01,1909,May
190906,-0.4209,354,1909-06-01,1909,Jun
190907,-0.4417,355,1909-07-01,1909,Jul
190908,-0.3118,356,1909-08-01,1909,Aug
190909,-0.3676,357,1909-09-01,1909,Sep
190910,-0.4016,358,1909-10-01,1909,Oct
190911,-0.2786,359,1909-11-01,1909,Nov
190912,-0.4143,360,1909-12-01,1909,Dec
191001,-0.3104,361,1910-01-01,1910,Jan
191002,-0.3648,362,1910-02-01,1910,Feb
191003,-0.4288,363,1910-03-01,1910,Mar
191004,-0.3449,364,1910-04-01,1910,Apr
191005,-0.3112,365,1910-05-01,1910,May
191006,-0.3623,366,1910-06-01,1910,Jun
191007,-0.3353,367,1910-07-01,1910,Jul
191008,-0.3409,368,1910-08-01,1910,Aug
191009,-0.3425,369,1910-09-01,1910,Sep
191010,-0.4298,370,1910-10-01,1910,Oct
191011,-0.5035,371,1910-11-01,1910,Nov
191012,-0.5688,372,1910-12-01,1910,Dec
191101,-0.5144,373,1911-01-01,1911,Jan
191102,-0.5337,374,1911-02-01,1911,Feb
191103,-0.5729,375,1911-03-01,1911,Mar
191104,-0.5169,376,1911-04-01,1911,Apr
191105,-0.4813,377,1911-05-01,1911,May
191106,-0.4487,378,1911-06-01,1911,Jun
191107,-0.4686,379,1911-07-01,1911,Jul
191108,-0.4591,380,1911-08-01,1911,Aug
191109,-0.4044,381,1911-09-01,1911,Sep
191110,-0.3499,382,1911-10-01,1911,Oct
191111,-0.264,383,1911-11-01,1911,Nov
191112,-0.2505,384,1911-12-01,1911,Dec
191201,-0.2833,385,1912-01-01,1912,Jan
191202,-0.1143,386,1912-02-01,1912,Feb
191203,-0.3179,387,1912-03-01,1912,Mar
191204,-0.2074,388,1912-04-01,1912,Apr
191205,-0.2298,389,1912-05-01,1912,May
191206,-0.2634,390,1912-06-01,1912,Jun
191207,-0.3206,391,1912-07-01,1912,Jul
191208,-0.4577,392,1912-08-01,1912,Aug
191209,-0.513,393,1912-09-01,1912,Sep
191210,-0.526,394,1912-10-01,1912,Oct
191211,-0.417,395,1912-11-01,1912,Nov
191212,-0.3629,396,1912-12-01,1912,Dec
191301,-0.3592,397,1913-01-01,1913,Jan
191302,-0.3955,398,1913-02-01,1913,Feb
191303,-0.4123,399,1913-03-01,1913,Mar
191304,-0.3559,400,1913-04-01,1913,Apr
191305,-0.3971,401,1913-05-01,1913,May
191306,-0.3841,402,1913-06-01,1913,Jun
191307,-0.36,403,1913-07-01,1913,Jul
191308,-0.334,404,1913-08-01,1913,Aug
191309,-0.3626,405,1913-09-01,1913,Sep
191310,-0.317,406,1913-10-01,1913,Oct
191311,-0.14,407,1913-11-01,1913,Nov
191312,-0.0428,408,1913-12-01,1913,Dec
191401,0.0921,409,1914-01-01,1914,Jan
191402,-0.1229,410,1914-02-01,1914,Feb
191403,-0.1649,411,1914-03-01,1914,Mar
191404,-0.2503,412,1914-04-01,1914,Apr
191405,-0.1696,413,1914-05-01,1914,May
191406,-0.1978,414,1914-06-01,1914,Jun
191407,-0.2127,415,1914-07-01,1914,Jul
191408,-0.1785,416,1914-08-01,1914,Aug
191409,-0.1829,417,1914-09-01,1914,Sep
191410,-0.1013,418,1914-10-01,1914,Oct
191411,-0.1259,419,1914-11-01,1914,Nov
191412,-0.1027,420,1914-12-01,1914,Dec
191501,-0.139,421,1915-01-01,1915,Jan
191502,-0.0136,422,1915-02-01,1915,Feb
191503,-0.1066,423,1915-03-01,1915,Mar
191504,0.0195,424,1915-04-01,1915,Apr
191505,-0.0723,425,1915-05-01,1915,May
191506,-0.0875,426,1915-06-01,1915,Jun
191507,-0.0312,427,1915-07-01,1915,Jul
191508,-0.0749,428,1915-08-01,1915,Aug
191509,-0.1141,429,1915-09-01,1915,Sep
191510,-0.1783,430,1915-10-01,1915,Oct
191511,-0.0173,431,1915-11-01,1915,Nov
191512,-0.0524,432,1915-12-01,1915,Dec
191601,-0.1775,433,1916-01-01,1916,Jan
191602,-0.1754,434,1916-02-01,1916,Feb
191603,-0.2967,435,1916-03-01,1916,Mar
191604,-0.1959,436,1916-04-01,1916,Apr
191605,-0.2242,437,1916-05-01,1916,May
191606,-0.3835,438,1916-06-01,1916,Jun
191607,-0.2903,439,1916-07-01,1916,Jul
191608,-0.277,440,1916-08-01,1916,Aug
191609,-0.26,441,1916-09-01,1916,Sep
191610,-0.2681,442,1916-10-01,1916,Oct
191611,-0.3936,443,1916-11-01,1916,Nov
191612,-0.5732,444,1916-12-01,1916,Dec
191701,-0.4305,445,1917-01-01,1917,Jan
191702,-0.4726,446,1917-02-01,1917,Feb
191703,-0.4259,447,1917-03-01,1917,Mar
191704,-0.3112,448,1917-04-01,1917,Apr
191705,-0.4475,449,1917-05-01,1917,May
191706,-0.3406,450,1917-06-01,1917,Jun
191707,-0.1723,451,1917-07-01,1917,Jul
191708,-0.1719,452,1917-08-01,1917,Aug
191709,-0.0587,453,1917-09-01,1917,Sep
191710,-0.2602,454,1917-10-01,1917,Oct
191711,-0.1325,455,1917-11-01,1917,Nov
191712,-0.533,456,1917-12-01,1917,Dec
191801,-0.2145,457,1918-01-01,1918,Jan
191802,-0.2858,458,1918-02-01,1918,Feb
191803,-0.1739,459,1918-03-01,1918,Mar
191804,-0.2943,460,1918-04-01,1918,Apr
191805,-0.2793,461,1918-05-01,1918,May
191806,-0.1782,462,1918-06-01,1918,Jun
191807,-0.1992,463,1918-07-01,1918,Jul
191808,-0.1724,464,1918-08-01,1918,Aug
191809,-0.1473,465,1918-09-01,1918,Sep
191810,-0.0987,466,1918-10-01,1918,Oct
191811,-0.1113,467,1918-11-01,1918,Nov
191812,-0.3167,468,1918-12-01,1918,Dec
191901,-0.2411,469,1919-01-01,1919,Jan
191902,-0.053,470,1919-02-01,1919,Feb
191903,-0.2387,471,1919-03-01,1919,Mar
191904,-0.07,472,1919-04-01,1919,Apr
191905,-0.1819,473,1919-05-01,1919,May
191906,-0.2326,474,1919-06-01,1919,Jun
191907,-0.2129,475,1919-07-01,1919,Jul
191908,-0.2108,476,1919-08-01,1919,Aug
191909,-0.1775,477,1919-09-01,1919,Sep
191910,-0.2201,478,1919-10-01,1919,Oct
191911,-0.3203,479,1919-11-01,1919,Nov
191912,-0.2971,480,1919-12-01,1919,Dec
192001,-0.1145,481,1920-01-01,1920,Jan
192002,-0.2223,482,1920-02-01,1920,Feb
192003,-0.0583,483,1920-03-01,1920,Mar
192004,-0.2087,484,1920-04-01,1920,Apr
192005,-0.1679,485,1920-05-01,1920,May
192006,-0.2531,486,1920-06-01,1920,Jun
192007,-0.2404,487,1920-07-01,1920,Jul
192008,-0.227,488,1920-08-01,1920,Aug
192009,-0.1734,489,1920-09-01,1920,Sep
192010,-0.2109,490,1920-10-01,1920,Oct
192011,-0.2472,491,1920-11-01,1920,Nov
192012,-0.3858,492,1920-12-01,1920,Dec
192101,-0.0597,493,1921-01-01,1921,Jan
192102,-0.1482,494,1921-02-01,1921,Feb
192103,-0.215,495,1921-03-01,1921,Mar
192104,-0.2029,496,1921-04-01,1921,Apr
192105,-0.189,497,1921-05-01,1921,May
192106,-0.1641,498,1921-06-01,1921,Jun
192107,-0.1121,499,1921-07-01,1921,Jul
192108,-0.1918,500,1921-08-01,1921,Aug
192109,-0.145,501,1921-09-01,1921,Sep
192110,-0.0691,502,1921-10-01,1921,Oct
192111,-0.1876,503,1921-11-01,1921,Nov
192112,-0.0798,504,1921-12-01,1921,Dec
192201,-0.3185,505,1922-01-01,1922,Jan
192202,-0.2931,506,1922-02-01,1922,Feb
192203,-0.0762,507,1922-03-01,1922,Mar
192204,-0.1264,508,1922-04-01,1922,Apr
192205,-0.2625,509,1922-05-01,1922,May
192206,-0.2784,510,1922-06-01,1922,Jun
192207,-0.2603,511,1922-07-01,1922,Jul
192208,-0.2771,512,1922-08-01,1922,Aug
192209,-0.2501,513,1922-09-01,1922,Sep
192210,-0.25,514,1922-10-01,1922,Oct
192211,-0.1975,515,1922-11-01,1922,Nov
192212,-0.1582,516,1922-12-01,1922,Dec
192301,-0.211,517,1923-01-01,1923,Jan
192302,-0.3779,518,1923-02-01,1923,Feb
192303,-0.2693,519,1923-03-01,1923,Mar
192304,-0.335,520,1923-04-01,1923,Apr
192305,-0.248,521,1923-05-01,1923,May
192306,-0.194,522,1923-06-01,1923,Jun
192307,-0.2791,523,1923-07-01,1923,Jul
192308,-0.2797,524,1923-08-01,1923,Aug
192309,-0.2431,525,1923-09-01,1923,Sep
192310,-0.1609,526,1923-10-01,1923,Oct
192311,0.0313,527,1923-11-01,1923,Nov
192312,0.004,528,1923-12-01,1923,Dec
192401,-0.2514,529,1924-01-01,1924,Jan
192402,-0.1847,530,1924-02-01,1924,Feb
192403,-0.1139,531,1924-03-01,1924,Mar
192404,-0.2458,532,1924-04-01,1924,Apr
192405,-0.2026,533,1924-05-01,1924,May
192406,-0.2261,534,1924-06-01,1924,Jun
192407,-0.2201,535,1924-07-01,1924,Jul
192408,-0.2879,536,1924-08-01,1924,Aug
192409,-0.2831,537,1924-09-01,1924,Sep
192410,-0.2884,538,1924-10-01,1924,Oct
192411,-0.2917,539,1924-11-01,1924,Nov
192412,-0.3892,540,1924-12-01,1924,Dec
192501,-0.3228,541,1925-01-01,1925,Jan
192502,-0.2778,542,1925-02-01,1925,Feb
192503,-0.1681,543,1925-03-01,1925,Mar
192504,-0.1614,544,1925-04-01,1925,Apr
192505,-0.2081,545,1925-05-01,1925,May
192506,-0.2253,546,1925-06-01,1925,Jun
192507,-0.2096,547,1925-07-01,1925,Jul
192508,-0.1367,548,1925-08-01,1925,Aug
192509,-0.1011,549,1925-09-01,1925,Sep
192510,-0.1243,550,1925-10-01,1925,Oct
192511,0.0597,551,1925-11-01,1925,Nov
192512,0.1122,552,1925-12-01,1925,Dec
192601,0.1732,553,1926-01-01,1926,Jan
192602,0.086,554,1926-02-01,1926,Feb
192603,0.0818,555,1926-03-01,1926,Mar
192604,-0.1252,556,1926-04-01,1926,Apr
192605,-0.1266,557,1926-05-01,1926,May
192606,-0.1178,558,1926-06-01,1926,Jun
192607,-0.1549,559,1926-07-01,1926,Jul
192608,-0.0864,560,1926-08-01,1926,Aug
192609,-0.0992,561,1926-09-01,1926,Sep
192610,-0.0762,562,1926-10-01,1926,Oct
192611,-0.0734,563,1926-11-01,1926,Nov
192612,-0.2097,564,1926-12-01,1926,Dec
192701,-0.1698,565,1927-01-01,1927,Jan
192702,-0.187,566,1927-02-01,1927,Feb
192703,-0.2534,567,1927-03-01,1927,Mar
192704,-0.2117,568,1927-04-01,1927,Apr
192705,-0.2231,569,1927-05-01,1927,May
192706,-0.198,570,1927-06-01,1927,Jun
192707,-0.0993,571,1927-07-01,1927,Jul
192708,-0.1095,572,1927-08-01,1927,Aug
192709,-0.0219,573,1927-09-01,1927,Sep
192710,0.0204,574,1927-10-01,1927,Oct
192711,-0.0369,575,1927-11-01,1927,Nov
192712,-0.3071,576,1927-12-01,1927,Dec
192801,-0.0672,577,1928-01-01,1928,Jan
192802,-0.1328,578,1928-02-01,1928,Feb
192803,-0.2591,579,1928-03-01,1928,Mar
192804,-0.2384,580,1928-04-01,1928,Apr
192805,-0.1802,581,1928-05-01,1928,May
192806,-0.2748,582,1928-06-01,1928,Jun
192807,-0.1744,583,1928-07-01,1928,Jul
192808,-0.1983,584,1928-08-01,1928,Aug
192809,-0.1862,585,1928-09-01,1928,Sep
192810,-0.1231,586,1928-10-01,1928,Oct
192811,-0.0661,587,1928-11-01,1928,Nov
192812,-0.1648,588,1928-12-01,1928,Dec
192901,-0.4799,589,1929-01-01,1929,Jan
192902,-0.5411,590,1929-02-01,1929,Feb
192903,-0.2611,591,1929-03-01,1929,Mar
192904,-0.2954,592,1929-04-01,1929,Apr
192905,-0.2849,593,1929-05-01,1929,May
192906,-0.2731,594,1929-06-01,1929,Jun
192907,-0.2742,595,1929-07-01,1929,Jul
192908,-0.2109,596,1929-08-01,1929,Aug
192909,-0.2121,597,1929-09-01,1929,Sep
192910,-0.1173,598,1929-10-01,1929,Oct
192911,-0.0982,599,1929-11-01,1929,Nov
192912,-0.5093,600,1929-12-01,1929,Dec
193001,-0.3254,601,1930-01-01,1930,Jan
193002,-0.2008,602,1930-02-01,1930,Feb
193003,-0.0509,603,1930-03-01,1930,Mar
193004,-0.1944,604,1930-04-01,1930,Apr
193005,-0.1971,605,1930-05-01,1930,May
193006,-0.1131,606,1930-06-01,1930,Jun
193007,-0.0626,607,1930-07-01,1930,Jul
193008,-0.0858,608,1930-08-01,1930,Aug
193009,-0.1037,609,1930-09-01,1930,Sep
193010,0.0011,610,1930-10-01,1930,Oct
193011,0.1383,611,1930-11-01,1930,Nov
193012,0.0065,612,1930-12-01,1930,Dec
193101,-0.0509,613,1931-01-01,1931,Jan
193102,-0.2231,614,1931-02-01,1931,Feb
193103,-0.0067,615,1931-03-01,1931,Mar
193104,-0.1648,616,1931-04-01,1931,Apr
193105,-0.1528,617,1931-05-01,1931,May
193106,-0.0229,618,1931-06-01,1931,Jun
193107,-0.0176,619,1931-07-01,1931,Jul
193108,-0.0142,620,1931-08-01,1931,Aug
193109,-0.0097,621,1931-09-01,1931,Sep
193110,0.0069,622,1931-10-01,1931,Oct
193111,-0.1129,623,1931-11-01,1931,Nov
193112,-0.0993,624,1931-12-01,1931,Dec
193201,0.1514,625,1932-01-01,1932,Jan
193202,-0.1707,626,1932-02-01,1932,Feb
193203,-0.1814,627,1932-03-01,1932,Mar
193204,-0.0427,628,1932-04-01,1932,Apr
193205,-0.1696,629,1932-05-01,1932,May
193206,-0.1669,630,1932-06-01,1932,Jun
193207,-0.1142,631,1932-07-01,1932,Jul
193208,-0.1839,632,1932-08-01,1932,Aug
193209,-0.0792,633,1932-09-01,1932,Sep
193210,-0.0941,634,1932-10-01,1932,Oct
193211,-0.206,635,1932-11-01,1932,Nov
193212,-0.1904,636,1932-12-01,1932,Dec
193301,-0.306,637,1933-01-01,1933,Jan
193302,-0.317,638,1933-02-01,1933,Feb
193303,-0.2517,639,1933-03-01,1933,Mar
193304,-0.2077,640,1933-04-01,1933,Apr
193305,-0.2157,641,1933-05-01,1933,May
193306,-0.2043,642,1933-06-01,1933,Jun
193307,-0.1864,643,1933-07-01,1933,Jul
193308,-0.193,644,1933-08-01,1933,Aug
193309,-0.2251,645,1933-09-01,1933,Sep
193310,-0.1904,646,1933-10-01,1933,Oct
193311,-0.2597,647,1933-11-01,1933,Nov
193312,-0.4105,648,1933-12-01,1933,Dec
193401,-0.3115,649,1934-01-01,1934,Jan
193402,-0.0234,650,1934-02-01,1934,Feb
193403,-0.261,651,1934-03-01,1934,Mar
193404,-0.2351,652,1934-04-01,1934,Apr
193405,-0.0471,653,1934-05-01,1934,May
193406,-0.0084,654,1934-06-01,1934,Jun
193407,-0.0963,655,1934-07-01,1934,Jul
193408,-0.0601,656,1934-08-01,1934,Aug
193409,-0.1267,657,1934-09-01,1934,Sep
193410,-0.07,658,1934-10-01,1934,Oct
193411,0.0041,659,1934-11-01,1934,Nov
193412,-0.0281,660,1934-12-01,1934,Dec
193501,-0.2895,661,1935-01-01,1935,Jan
193502,0.169,662,1935-02-01,1935,Feb
193503,-0.1486,663,1935-03-01,1935,Mar
193504,-0.2554,664,1935-04-01,1935,Apr
193505,-0.2032,665,1935-05-01,1935,May
193506,-0.1723,666,1935-06-01,1935,Jun
193507,-0.1154,667,1935-07-01,1935,Jul
193508,-0.1006,668,1935-08-01,1935,Aug
193509,-0.0913,669,1935-09-01,1935,Sep
193510,-0.0109,670,1935-10-01,1935,Oct
193511,-0.2674,671,1935-11-01,1935,Nov
193512,-0.1735,672,1935-12-01,1935,Dec
193601,-0.2536,673,1936-01-01,1936,Jan
193602,-0.3117,674,1936-02-01,1936,Feb
193603,-0.2103,675,1936-03-01,1936,Mar
193604,-0.1772,676,1936-04-01,1936,Apr
193605,-0.1164,677,1936-05-01,1936,May
193606,-0.1073,678,1936-06-01,1936,Jun
193607,-0.0125,679,1936-07-01,1936,Jul
193608,-0.0551,680,1936-08-01,1936,Aug
193609,-0.0405,681,1936-09-01,1936,Sep
193610,-0.0218,682,1936-10-01,1936,Oct
193611,-0.0256,683,1936-11-01,1936,Nov
193612,-0.0177,684,1936-12-01,1936,Dec
193701,-0.1681,685,1937-01-01,1937,Jan
193702,0.041,686,1937-02-01,1937,Feb
193703,-0.1821,687,1937-03-01,1937,Mar
193704,-0.1252,688,1937-04-01,1937,Apr
193705,-0.0181,689,1937-05-01,1937,May
193706,0.0122,690,1937-06-01,1937,Jun
193707,-0.0022,691,1937-07-01,1937,Jul
193708,0.0922,692,1937-08-01,1937,Aug
193709,0.1313,693,1937-09-01,1937,Sep
193710,0.1139,694,1937-10-01,1937,Oct
193711,0.011,695,1937-11-01,1937,Nov
193712,-0.09,696,1937-12-01,1937,Dec
193801,-0.0382,697,1938-01-01,1938,Jan
193802,-0.0538,698,1938-02-01,1938,Feb
193803,0.0302,699,1938-03-01,1938,Mar
193804,0.0434,700,1938-04-01,1938,Apr
193805,-0.0191,701,1938-05-01,1938,May
193806,-0.0932,702,1938-06-01,1938,Jun
193807,-0.0495,703,1938-07-01,1938,Jul
193808,-0.0159,704,1938-08-01,1938,Aug
193809,0.0312,705,1938-09-01,1938,Sep
193810,0.0743,706,1938-10-01,1938,Oct
193811,0.0035,707,1938-11-01,1938,Nov
193812,-0.2536,708,1938-12-01,1938,Dec
193901,-0.1656,709,1939-01-01,1939,Jan
193902,-0.1104,710,1939-02-01,1939,Feb
193903,-0.1886,711,1939-03-01,1939,Mar
193904,-0.1296,712,1939-04-01,1939,Apr
193905,-0.0396,713,1939-05-01,1939,May
193906,-0.013,714,1939-06-01,1939,Jun
193907,0.0033,715,1939-07-01,1939,Jul
193908,0.056,716,1939-08-01,1939,Aug
193909,0.0106,717,1939-09-01,1939,Sep
193910,-0.0409,718,1939-10-01,1939,Oct
193911,0.0476,719,1939-11-01,1939,Nov
193912,0.4089,720,1939-12-01,1939,Dec
194001,-0.1208,721,1940-01-01,1940,Jan
194002,0.0552,722,1940-02-01,1940,Feb
194003,0.0721,723,1940-03-01,1940,Mar
194004,0.1304,724,1940-04-01,1940,Apr
194005,0.0567,725,1940-05-01,1940,May
194006,0.1049,726,1940-06-01,1940,Jun
194007,0.1471,727,1940-07-01,1940,Jul
194008,0.0935,728,1940-08-01,1940,Aug
194009,0.1489,729,1940-09-01,1940,Sep
194010,0.1027,730,1940-10-01,1940,Oct
194011,0.1031,731,1940-11-01,1940,Nov
194012,0.2691,732,1940-12-01,1940,Dec
194101,0.1846,733,1941-01-01,1941,Jan
194102,0.2307,734,1941-02-01,1941,Feb
194103,0.1033,735,1941-03-01,1941,Mar
194104,0.2235,736,1941-04-01,1941,Apr
194105,0.2483,737,1941-05-01,1941,May
194106,0.1641,738,1941-06-01,1941,Jun
194107,0.2092,739,1941-07-01,1941,Jul
194108,0.1792,740,1941-08-01,1941,Aug
194109,0.0902,741,1941-09-01,1941,Sep
194110,0.3144,742,1941-10-01,1941,Oct
194111,0.227,743,1941-11-01,1941,Nov
194112,0.2141,744,1941-12-01,1941,Dec
194201,0.3048,745,1942-01-01,1942,Jan
194202,0.101,746,1942-02-01,1942,Feb
194203,0.1809,747,1942-03-01,1942,Mar
194204,0.1953,748,1942-04-01,1942,Apr
194205,0.1712,749,1942-05-01,1942,May
194206,0.2109,750,1942-06-01,1942,Jun
194207,0.0811,751,1942-07-01,1942,Jul
194208,0.0474,752,1942-08-01,1942,Aug
194209,0.1207,753,1942-09-01,1942,Sep
194210,0.1542,754,1942-10-01,1942,Oct
194211,0.1677,755,1942-11-01,1942,Nov
194212,0.1564,756,1942-12-01,1942,Dec
194301,-0.0211,757,1943-01-01,1943,Jan
194302,0.1732,758,1943-02-01,1943,Feb
194303,0.0794,759,1943-03-01,1943,Mar
194304,0.1739,760,1943-04-01,1943,Apr
194305,0.1368,761,1943-05-01,1943,May
194306,0.0257,762,1943-06-01,1943,Jun
194307,0.1865,763,1943-07-01,1943,Jul
194308,0.1039,764,1943-08-01,1943,Aug
194309,0.1491,765,1943-09-01,1943,Sep
194310,0.3197,766,1943-10-01,1943,Oct
194311,0.2494,767,1943-11-01,1943,Nov
194312,0.3576,768,1943-12-01,1943,Dec
194401,0.4247,769,1944-01-01,1944,Jan
194402,0.3084,770,1944-02-01,1944,Feb
194403,0.3678,771,1944-03-01,1944,Mar
194404,0.2747,772,1944-04-01,1944,Apr
194405,0.2763,773,1944-05-01,1944,May
194406,0.3385,774,1944-06-01,1944,Jun
194407,0.3187,775,1944-07-01,1944,Jul
194408,0.2789,776,1944-08-01,1944,Aug
194409,0.3886,777,1944-09-01,1944,Sep
194410,0.3213,778,1944-10-01,1944,Oct
194411,0.1536,779,1944-11-01,1944,Nov
194412,0.1035,780,1944-12-01,1944,Dec
194501,0.1597,781,1945-01-01,1945,Jan
194502,0.0192,782,1945-02-01,1945,Feb
194503,0.1091,783,1945-03-01,1945,Mar
194504,0.2785,784,1945-04-01,1945,Apr
194505,0.1839,785,1945-05-01,1945,May
194506,0.1447,786,1945-06-01,1945,Jun
194507,0.1689,787,1945-07-01,1945,Jul
194508,0.3619,788,1945-08-01,1945,Aug
194509,0.2637,789,1945-09-01,1945,Sep
194510,0.2646,790,1945-10-01,1945,Oct
194511,0.1959,791,1945-11-01,1945,Nov
194512,-0.0422,792,1945-12-01,1945,Dec
194601,0.225,793,1946-01-01,1946,Jan
194602,0.0902,794,1946-02-01,1946,Feb
194603,0.0032,795,1946-03-01,1946,Mar
194604,0.1783,796,1946-04-01,1946,Apr
194605,-0.0279,797,1946-05-01,1946,May
194606,-0.099,798,1946-06-01,1946,Jun
194607,-0.0342,799,1946-07-01,1946,Jul
194608,-0.0662,800,1946-08-01,1946,Aug
194609,-0.0154,801,1946-09-01,1946,Sep
194610,-0.0032,802,1946-10-01,1946,Oct
194611,-0.0148,803,1946-11-01,1946,Nov
194612,-0.2619,804,1946-12-01,1946,Dec
194701,-0.1833,805,1947-01-01,1947,Jan
194702,-0.075,806,1947-02-01,1947,Feb
194703,-0.0069,807,1947-03-01,1947,Mar
194704,0.0167,808,1947-04-01,1947,Apr
194705,-0.0182,809,1947-05-01,1947,May
194706,0.0199,810,1947-06-01,1947,Jun
194707,-0.0103,811,1947-07-01,1947,Jul
194708,-0.06,812,1947-08-01,1947,Aug
194709,-0.1278,813,1947-09-01,1947,Sep
194710,0.0588,814,1947-10-01,1947,Oct
194711,-0.0215,815,1947-11-01,1947,Nov
194712,-0.1456,816,1947-12-01,1947,Dec
194801,0.0543,817,1948-01-01,1948,Jan
194802,-0.0938,818,1948-02-01,1948,Feb
194803,-0.1866,819,1948-03-01,1948,Mar
194804,-0.0625,820,1948-04-01,1948,Apr
194805,0.1471,821,1948-05-01,1948,May
194806,-0.0119,822,1948-06-01,1948,Jun
194807,-0.0621,823,1948-07-01,1948,Jul
194808,-0.0223,824,1948-08-01,1948,Aug
194809,-0.1008,825,1948-09-01,1948,Sep
194810,-0.0662,826,1948-10-01,1948,Oct
194811,-0.0574,827,1948-11-01,1948,Nov
194812,-0.1138,828,1948-12-01,1948,Dec
194901,0.1202,829,1949-01-01,1949,Jan
194902,-0.1476,830,1949-02-01,1949,Feb
194903,-0.0719,831,1949-03-01,1949,Mar
194904,0.0091,832,1949-04-01,1949,Apr
194905,-0.0061,833,1949-05-01,1949,May
194906,-0.1465,834,1949-06-01,1949,Jun
194907,-0.0746,835,1949-07-01,1949,Jul
194908,-0.0168,836,1949-08-01,1949,Aug
194909,-0.0652,837,1949-09-01,1949,Sep
194910,-0.0298,838,1949-10-01,1949,Oct
194911,-0.0494,839,1949-11-01,1949,Nov
194912,-0.18,840,1949-12-01,1949,Dec
195001,-0.2724,841,1950-01-01,1950,Jan
195002,-0.2351,842,1950-02-01,1950,Feb
195003,-0.0822,843,1950-03-01,1950,Mar
195004,-0.1658,844,1950-04-01,1950,Apr
195005,-0.049,845,1950-05-01,1950,May
195006,-0.0516,846,1950-06-01,1950,Jun
195007,-0.0991,847,1950-07-01,1950,Jul
195008,-0.1332,848,1950-08-01,1950,Aug
195009,-0.0991,849,1950-09-01,1950,Sep
195010,-0.1609,850,1950-10-01,1950,Oct
195011,-0.3547,851,1950-11-01,1950,Nov
195012,-0.1756,852,1950-12-01,1950,Dec
195101,-0.2831,853,1951-01-01,1951,Jan
195102,-0.403,854,1951-02-01,1951,Feb
195103,-0.1614,855,1951-03-01,1951,Mar
195104,-0.0806,856,1951-04-01,1951,Apr
195105,0.064,857,1951-05-01,1951,May
195106,0.0432,858,1951-06-01,1951,Jun
195107,0.1167,859,1951-07-01,1951,Jul
195108,0.1205,860,1951-08-01,1951,Aug
195109,0.1391,861,1951-09-01,1951,Sep
195110,0.1154,862,1951-10-01,1951,Oct
195111,0.0331,863,1951-11-01,1951,Nov
195112,0.2214,864,1951-12-01,1951,Dec
195201,0.1588,865,1952-01-01,1952,Jan
195202,0.0976,866,1952-02-01,1952,Feb
195203,-0.0411,867,1952-03-01,1952,Mar
195204,0.0724,868,1952-04-01,1952,Apr
195205,0.0398,869,1952-05-01,1952,May
195206,0.0472,870,1952-06-01,1952,Jun
195207,0.079,871,1952-07-01,1952,Jul
195208,0.0718,872,1952-08-01,1952,Aug
195209,0.0731,873,1952-09-01,1952,Sep
195210,-0.0296,874,1952-10-01,1952,Oct
195211,-0.1897,875,1952-11-01,1952,Nov
195212,-0.001,876,1952-12-01,1952,Dec
195301,0.1085,877,1953-01-01,1953,Jan
195302,0.157,878,1953-02-01,1953,Feb
195303,0.1599,879,1953-03-01,1953,Mar
195304,0.1913,880,1953-04-01,1953,Apr
195305,0.1488,881,1953-05-01,1953,May
195306,0.1309,882,1953-06-01,1953,Jun
195307,0.0733,883,1953-07-01,1953,Jul
195308,0.087,884,1953-08-01,1953,Aug
195309,0.0702,885,1953-09-01,1953,Sep
195310,0.0778,886,1953-10-01,1953,Oct
195311,-0.0557,887,1953-11-01,1953,Nov
195312,0.0624,888,1953-12-01,1953,Dec
195401,-0.2305,889,1954-01-01,1954,Jan
195402,-0.0819,890,1954-02-01,1954,Feb
195403,-0.0861,891,1954-03-01,1954,Mar
195404,-0.1714,892,1954-04-01,1954,Apr
195405,-0.1964,893,1954-05-01,1954,May
195406,-0.1094,894,1954-06-01,1954,Jun
195407,-0.1164,895,1954-07-01,1954,Jul
195408,-0.0842,896,1954-08-01,1954,Aug
195409,-0.0525,897,1954-09-01,1954,Sep
195410,-0.0651,898,1954-10-01,1954,Oct
195411,0.0443,899,1954-11-01,1954,Nov
195412,-0.1803,900,1954-12-01,1954,Dec
195501,0.094,901,1955-01-01,1955,Jan
195502,-0.127,902,1955-02-01,1955,Feb
195503,-0.3039,903,1955-03-01,1955,Mar
195504,-0.2342,904,1955-04-01,1955,Apr
195505,-0.1226,905,1955-05-01,1955,May
195506,-0.064,906,1955-06-01,1955,Jun
195507,-0.0829,907,1955-07-01,1955,Jul
195508,-0.02,908,1955-08-01,1955,Aug
195509,-0.0878,909,1955-09-01,1955,Sep
195510,-0.1188,910,1955-10-01,1955,Oct
195511,-0.2335,911,1955-11-01,1955,Nov
195512,-0.2657,912,1955-12-01,1955,Dec
195601,-0.172,913,1956-01-01,1956,Jan
195602,-0.2693,914,1956-02-01,1956,Feb
195603,-0.1938,915,1956-03-01,1956,Mar
195604,-0.2801,916,1956-04-01,1956,Apr
195605,-0.2229,917,1956-05-01,1956,May
195606,-0.1392,918,1956-06-01,1956,Jun
195607,-0.1302,919,1956-07-01,1956,Jul
195608,-0.1811,920,1956-08-01,1956,Aug
195609,-0.2478,921,1956-09-01,1956,Sep
195610,-0.1956,922,1956-10-01,1956,Oct
195611,-0.1509,923,1956-11-01,1956,Nov
195612,-0.1483,924,1956-12-01,1956,Dec
195701,-0.1147,925,1957-01-01,1957,Jan
195702,-0.1075,926,1957-02-01,1957,Feb
195703,-0.0616,927,1957-03-01,1957,Mar
195704,-0.0139,928,1957-04-01,1957,Apr
195705,0.1139,929,1957-05-01,1957,May
195706,0.1646,930,1957-06-01,1957,Jun
195707,0.0658,931,1957-07-01,1957,Jul
195708,0.1362,932,1957-08-01,1957,Aug
195709,0.0795,933,1957-09-01,1957,Sep
195710,0.0194,934,1957-10-01,1957,Oct
195711,0.1343,935,1957-11-01,1957,Nov
195712,0.2346,936,1957-12-01,1957,Dec
195801,0.3023,937,1958-01-01,1958,Jan
195802,0.2143,938,1958-02-01,1958,Feb
195803,0.1243,939,1958-03-01,1958,Mar
195804,0.1178,940,1958-04-01,1958,Apr
195805,0.1084,941,1958-05-01,1958,May
195806,0.0693,942,1958-06-01,1958,Jun
195807,0.0698,943,1958-07-01,1958,Jul
195808,0.0589,944,1958-08-01,1958,Aug
195809,0.0245,945,1958-09-01,1958,Sep
195810,0.045,946,1958-10-01,1958,Oct
195811,0.0957,947,1958-11-01,1958,Nov
195812,0.1517,948,1958-12-01,1958,Dec
195901,0.1295,949,1959-01-01,1959,Jan
195902,0.0704,950,1959-02-01,1959,Feb
195903,0.2079,951,1959-03-01,1959,Mar
195904,0.1214,952,1959-04-01,1959,Apr
195905,0.0311,953,1959-05-01,1959,May
195906,0.0899,954,1959-06-01,1959,Jun
195907,0.0722,955,1959-07-01,1959,Jul
195908,0.0572,956,1959-08-01,1959,Aug
195909,0.101,957,1959-09-01,1959,Sep
195910,-0.0097,958,1959-10-01,1959,Oct
195911,-0.0766,959,1959-11-01,1959,Nov
195912,-0.031,960,1959-12-01,1959,Dec
196001,0.0056,961,1960-01-01,1960,Jan
196002,0.1921,962,1960-02-01,1960,Feb
196003,-0.2021,963,1960-03-01,1960,Mar
196004,-0.0942,964,1960-04-01,1960,Apr
196005,-0.0808,965,1960-05-01,1960,May
196006,0.0803,966,1960-06-01,1960,Jun
196007,0.0382,967,1960-07-01,1960,Jul
196008,0.0512,968,1960-08-01,1960,Aug
196009,0.0672,969,1960-09-01,1960,Sep
196010,0.0411,970,1960-10-01,1960,Oct
196011,-0.044,971,1960-11-01,1960,Nov
196012,0.2318,972,1960-12-01,1960,Dec
196101,0.1219,973,1961-01-01,1961,Jan
196102,0.1797,974,1961-02-01,1961,Feb
196103,0.168,975,1961-03-01,1961,Mar
196104,0.1365,976,1961-04-01,1961,Apr
196105,0.1656,977,1961-05-01,1961,May
196106,0.1522,978,1961-06-01,1961,Jun
196107,0.0391,979,1961-07-01,1961,Jul
196108,0.0368,980,1961-08-01,1961,Aug
196109,-1e-4,981,1961-09-01,1961,Sep
196110,-0.0306,982,1961-10-01,1961,Oct
196111,0.0196,983,1961-11-01,1961,Nov
196112,-0.0129,984,1961-12-01,1961,Dec
196201,0.1372,985,1962-01-01,1962,Jan
196202,0.1734,986,1962-02-01,1962,Feb
196203,0.1242,987,1962-03-01,1962,Mar
196204,0.081,988,1962-04-01,1962,Apr
196205,0.0633,989,1962-05-01,1962,May
196206,0.0636,990,1962-06-01,1962,Jun
196207,0.0943,991,1962-07-01,1962,Jul
196208,0.0614,992,1962-08-01,1962,Aug
196209,0.067,993,1962-09-01,1962,Sep
196210,0.0842,994,1962-10-01,1962,Oct
196211,0.0795,995,1962-11-01,1962,Nov
196212,0.0931,996,1962-12-01,1962,Dec
196301,0.0427,997,1963-01-01,1963,Jan
196302,0.261,998,1963-02-01,1963,Feb
196303,-0.0177,999,1963-03-01,1963,Mar
196304,7e-4,1000,1963-04-01,1963,Apr
196305,0.0166,1001,1963-05-01,1963,May
196306,0.0548,1002,1963-06-01,1963,Jun
196307,0.144,1003,1963-07-01,1963,Jul
196308,0.1632,1004,1963-08-01,1963,Aug
196309,0.169,1005,1963-09-01,1963,Sep
196310,0.2184,1006,1963-10-01,1963,Oct
196311,0.1985,1007,1963-11-01,1963,Nov
196312,0.0858,1008,1963-12-01,1963,Dec
196401,0.0532,1009,1964-01-01,1964,Jan
196402,-0.1017,1010,1964-02-01,1964,Feb
196403,-0.1387,1011,1964-03-01,1964,Mar
196404,-0.1819,1012,1964-04-01,1964,Apr
196405,-0.0943,1013,1964-05-01,1964,May
196406,-0.0895,1014,1964-06-01,1964,Jun
196407,-0.1076,1015,1964-07-01,1964,Jul
196408,-0.1619,1016,1964-08-01,1964,Aug
196409,-0.205,1017,1964-09-01,1964,Sep
196410,-0.2627,1018,1964-10-01,1964,Oct
196411,-0.1983,1019,1964-11-01,1964,Nov
196412,-0.2606,1020,1964-12-01,1964,Dec
196501,-0.0671,1021,1965-01-01,1965,Jan
196502,-0.1925,1022,1965-02-01,1965,Feb
196503,-0.0966,1023,1965-03-01,1965,Mar
196504,-0.1843,1024,1965-04-01,1965,Apr
196505,-0.0748,1025,1965-05-01,1965,May
196506,-0.0394,1026,1965-06-01,1965,Jun
196507,-0.0806,1027,1965-07-01,1965,Jul
196508,-0.0423,1028,1965-08-01,1965,Aug
196509,-0.0469,1029,1965-09-01,1965,Sep
196510,0.0275,1030,1965-10-01,1965,Oct
196511,-0.086,1031,1965-11-01,1965,Nov
196512,-0.01,1032,1965-12-01,1965,Dec
196601,-0.042,1033,1966-01-01,1966,Jan
196602,-0.0351,1034,1966-02-01,1966,Feb
196603,6e-4,1035,1966-03-01,1966,Mar
196604,-0.0879,1036,1966-04-01,1966,Apr
196605,-0.0318,1037,1966-05-01,1966,May
196606,0.0631,1038,1966-06-01,1966,Jun
196607,0.0695,1039,1966-07-01,1966,Jul
196608,0.023,1040,1966-08-01,1966,Aug
196609,0.0298,1041,1966-09-01,1966,Sep
196610,-0.0562,1042,1966-10-01,1966,Oct
196611,-0.0433,1043,1966-11-01,1966,Nov
196612,-0.1208,1044,1966-12-01,1966,Dec
196701,-0.1048,1045,1967-01-01,1967,Jan
196702,-0.164,1046,1967-02-01,1967,Feb
196703,0.0056,1047,1967-03-01,1967,Mar
196704,0.0084,1048,1967-04-01,1967,Apr
196705,0.1263,1049,1967-05-01,1967,May
196706,-0.0278,1050,1967-06-01,1967,Jun
196707,-0.0153,1051,1967-07-01,1967,Jul
196708,-0.0029,1052,1967-08-01,1967,Aug
196709,-0.0288,1053,1967-09-01,1967,Sep
196710,0.1306,1054,1967-10-01,1967,Oct
196711,-0.0194,1055,1967-11-01,1967,Nov
196712,-0.0383,1056,1967-12-01,1967,Dec
196801,-0.1845,1057,1968-01-01,1968,Jan
196802,-0.1258,1058,1968-02-01,1968,Feb
196803,0.1512,1059,1968-03-01,1968,Mar
196804,-0.0693,1060,1968-04-01,1968,Apr
196805,-0.0798,1061,1968-05-01,1968,May
196806,-0.0143,1062,1968-06-01,1968,Jun
196807,-0.0193,1063,1968-07-01,1968,Jul
196808,-0.0125,1064,1968-08-01,1968,Aug
196809,-0.0085,1065,1968-09-01,1968,Sep
196810,0.0496,1066,1968-10-01,1968,Oct
196811,0.017,1067,1968-11-01,1968,Nov
196812,-0.041,1068,1968-12-01,1968,Dec
196901,-0.1279,1069,1969-01-01,1969,Jan
196902,-0.1019,1070,1969-02-01,1969,Feb
196903,0.1239,1071,1969-03-01,1969,Mar
196904,0.1949,1072,1969-04-01,1969,Apr
196905,0.1775,1073,1969-05-01,1969,May
196906,0.0797,1074,1969-06-01,1969,Jun
196907,0.095,1075,1969-07-01,1969,Jul
196908,0.0981,1076,1969-08-01,1969,Aug
196909,0.086,1077,1969-09-01,1969,Sep
196910,0.0734,1078,1969-10-01,1969,Oct
196911,0.1922,1079,1969-11-01,1969,Nov
196912,0.2487,1080,1969-12-01,1969,Dec
197001,0.1214,1081,1970-01-01,1970,Jan
197002,0.235,1082,1970-02-01,1970,Feb
197003,0.0331,1083,1970-03-01,1970,Mar
197004,0.1315,1084,1970-04-01,1970,Apr
197005,0.0432,1085,1970-05-01,1970,May
197006,0.0309,1086,1970-06-01,1970,Jun
197007,-0.02,1087,1970-07-01,1970,Jul
197008,-0.018,1088,1970-08-01,1970,Aug
197009,0.0095,1089,1970-09-01,1970,Sep
197010,-0.0351,1090,1970-10-01,1970,Oct
197011,0.0245,1091,1970-11-01,1970,Nov
197012,-0.0948,1092,1970-12-01,1970,Dec
197101,-0.0047,1093,1971-01-01,1971,Jan
197102,-0.2157,1094,1971-02-01,1971,Feb
197103,-0.14,1095,1971-03-01,1971,Mar
197104,-0.1308,1096,1971-04-01,1971,Apr
197105,-0.0904,1097,1971-05-01,1971,May
197106,-0.1246,1098,1971-06-01,1971,Jun
197107,-0.0635,1099,1971-07-01,1971,Jul
197108,-0.0671,1100,1971-08-01,1971,Aug
197109,-0.0423,1101,1971-09-01,1971,Sep
197110,-0.0752,1102,1971-10-01,1971,Oct
197111,0.0367,1103,1971-11-01,1971,Nov
197112,-0.0211,1104,1971-12-01,1971,Dec
197201,-0.2417,1105,1972-01-01,1972,Jan
197202,-0.1629,1106,1972-02-01,1972,Feb
197203,0.0024,1107,1972-03-01,1972,Mar
197204,0.0365,1108,1972-04-01,1972,Apr
197205,0.016,1109,1972-05-01,1972,May
197206,0.0784,1110,1972-06-01,1972,Jun
197207,0.0643,1111,1972-07-01,1972,Jul
197208,0.0877,1112,1972-08-01,1972,Aug
197209,0.021,1113,1972-09-01,1972,Sep
197210,0.0894,1114,1972-10-01,1972,Oct
197211,0.081,1115,1972-11-01,1972,Nov
197212,0.2537,1116,1972-12-01,1972,Dec
197301,0.2585,1117,1973-01-01,1973,Jan
197302,0.3704,1118,1973-02-01,1973,Feb
197303,0.3308,1119,1973-03-01,1973,Mar
197304,0.2511,1120,1973-04-01,1973,Apr
197305,0.2155,1121,1973-05-01,1973,May
197306,0.1981,1122,1973-06-01,1973,Jun
197307,0.1152,1123,1973-07-01,1973,Jul
197308,0.0774,1124,1973-08-01,1973,Aug
197309,0.0568,1125,1973-09-01,1973,Sep
197310,0.0456,1126,1973-10-01,1973,Oct
197311,0.0218,1127,1973-11-01,1973,Nov
197312,0.0273,1128,1973-12-01,1973,Dec
197401,-0.1963,1129,1974-01-01,1974,Jan
197402,-0.2562,1130,1974-02-01,1974,Feb
197403,-0.0503,1131,1974-03-01,1974,Mar
197404,-0.0422,1132,1974-04-01,1974,Apr
197405,-0.0247,1133,1974-05-01,1974,May
197406,-0.0389,1134,1974-06-01,1974,Jun
197407,0.0174,1135,1974-07-01,1974,Jul
197408,0.0127,1136,1974-08-01,1974,Aug
197409,-0.0419,1137,1974-09-01,1974,Sep
197410,-0.0822,1138,1974-10-01,1974,Oct
197411,-0.0659,1139,1974-11-01,1974,Nov
197412,-0.0971,1140,1974-12-01,1974,Dec
197501,0.1198,1141,1975-01-01,1975,Jan
197502,0.0311,1142,1975-02-01,1975,Feb
197503,0.1094,1143,1975-03-01,1975,Mar
197504,0.0791,1144,1975-04-01,1975,Apr
197505,0.0683,1145,1975-05-01,1975,May
197506,0.0347,1146,1975-06-01,1975,Jun
197507,0.0049,1147,1975-07-01,1975,Jul
197508,-0.0671,1148,1975-08-01,1975,Aug
197509,0.0171,1149,1975-09-01,1975,Sep
197510,-0.1232,1150,1975-10-01,1975,Oct
197511,-0.1453,1151,1975-11-01,1975,Nov
197512,-0.0899,1152,1975-12-01,1975,Dec
197601,-0.0187,1153,1976-01-01,1976,Jan
197602,-0.1218,1154,1976-02-01,1976,Feb
197603,-0.2399,1155,1976-03-01,1976,Mar
197604,-0.0232,1156,1976-04-01,1976,Apr
197605,-0.1236,1157,1976-05-01,1976,May
197606,-0.0742,1158,1976-06-01,1976,Jun
197607,-0.0857,1159,1976-07-01,1976,Jul
197608,-0.0907,1160,1976-08-01,1976,Aug
197609,-0.0449,1161,1976-09-01,1976,Sep
197610,-0.184,1162,1976-10-01,1976,Oct
197611,-0.0434,1163,1976-11-01,1976,Nov
197612,0.0897,1164,1976-12-01,1976,Dec
197701,0.0613,1165,1977-01-01,1977,Jan
197702,0.236,1166,1977-02-01,1977,Feb
197703,0.3105,1167,1977-03-01,1977,Mar
197704,0.282,1168,1977-04-01,1977,Apr
197705,0.2357,1169,1977-05-01,1977,May
197706,0.2465,1170,1977-06-01,1977,Jun
197707,0.1714,1171,1977-07-01,1977,Jul
197708,0.1409,1172,1977-08-01,1977,Aug
197709,0.1844,1173,1977-09-01,1977,Sep
197710,0.1169,1174,1977-10-01,1977,Oct
197711,0.2597,1175,1977-11-01,1977,Nov
197712,0.1111,1176,1977-12-01,1977,Dec
197801,0.1596,1177,1978-01-01,1978,Jan
197802,0.129,1178,1978-02-01,1978,Feb
197803,0.2222,1179,1978-03-01,1978,Mar
197804,0.1304,1180,1978-04-01,1978,Apr
197805,0.0583,1181,1978-05-01,1978,May
197806,0.0524,1182,1978-06-01,1978,Jun
197807,0.068,1183,1978-07-01,1978,Jul
197808,0.0033,1184,1978-08-01,1978,Aug
197809,0.0738,1185,1978-09-01,1978,Sep
197810,0.0627,1186,1978-10-01,1978,Oct
197811,0.2243,1187,1978-11-01,1978,Nov
197812,0.1499,1188,1978-12-01,1978,Dec
197901,0.1584,1189,1979-01-01,1979,Jan
197902,0.0909,1190,1979-02-01,1979,Feb
197903,0.2414,1191,1979-03-01,1979,Mar
197904,0.1099,1192,1979-04-01,1979,Apr
197905,0.155,1193,1979-05-01,1979,May
197906,0.2172,1194,1979-06-01,1979,Jun
197907,0.1721,1195,1979-07-01,1979,Jul
197908,0.2245,1196,1979-08-01,1979,Aug
197909,0.2516,1197,1979-09-01,1979,Sep
197910,0.2936,1198,1979-10-01,1979,Oct
197911,0.2955,1199,1979-11-01,1979,Nov
197912,0.5024,1200,1979-12-01,1979,Dec
198001,0.3065,1201,1980-01-01,1980,Jan
198002,0.3491,1202,1980-02-01,1980,Feb
198003,0.2384,1203,1980-03-01,1980,Mar
198004,0.3067,1204,1980-04-01,1980,Apr
198005,0.3138,1205,1980-05-01,1980,May
198006,0.2469,1206,1980-06-01,1980,Jun
198007,0.216,1207,1980-07-01,1980,Jul
198008,0.1952,1208,1980-08-01,1980,Aug
198009,0.2006,1209,1980-09-01,1980,Sep
198010,0.1817,1210,1980-10-01,1980,Oct
198011,0.332,1211,1980-11-01,1980,Nov
198012,0.2683,1212,1980-12-01,1980,Dec
198101,0.4643,1213,1981-01-01,1981,Jan
198102,0.3608,1214,1981-02-01,1981,Feb
198103,0.4093,1215,1981-03-01,1981,Mar
198104,0.3559,1216,1981-04-01,1981,Apr
198105,0.2614,1217,1981-05-01,1981,May
198106,0.2844,1218,1981-06-01,1981,Jun
198107,0.2252,1219,1981-07-01,1981,Jul
198108,0.2417,1220,1981-08-01,1981,Aug
198109,0.1845,1221,1981-09-01,1981,Sep
198110,0.167,1222,1981-10-01,1981,Oct
198111,0.2121,1223,1981-11-01,1981,Nov
198112,0.4181,1224,1981-12-01,1981,Dec
198201,0.1321,1225,1982-01-01,1982,Jan
198202,0.1562,1226,1982-02-01,1982,Feb
198203,0.0817,1227,1982-03-01,1982,Mar
198204,0.2031,1228,1982-04-01,1982,Apr
198205,0.1904,1229,1982-05-01,1982,May
198206,0.122,1230,1982-06-01,1982,Jun
198207,0.1422,1231,1982-07-01,1982,Jul
198208,0.1398,1232,1982-08-01,1982,Aug
198209,0.2328,1233,1982-09-01,1982,Sep
198210,0.1762,1234,1982-10-01,1982,Oct
198211,0.1494,1235,1982-11-01,1982,Nov
198212,0.4345,1236,1982-12-01,1982,Dec
198301,0.5152,1237,1983-01-01,1983,Jan
198302,0.4807,1238,1983-02-01,1983,Feb
198303,0.4253,1239,1983-03-01,1983,Mar
198304,0.2904,1240,1983-04-01,1983,Apr
198305,0.2866,1241,1983-05-01,1983,May
198306,0.2625,1242,1983-06-01,1983,Jun
198307,0.2643,1243,1983-07-01,1983,Jul
198308,0.3214,1244,1983-08-01,1983,Aug
198309,0.3159,1245,1983-09-01,1983,Sep
198310,0.2104,1246,1983-10-01,1983,Oct
198311,0.4304,1247,1983-11-01,1983,Nov
198312,0.2724,1248,1983-12-01,1983,Dec
198401,0.2809,1249,1984-01-01,1984,Jan
198402,0.1726,1250,1984-02-01,1984,Feb
198403,0.2701,1251,1984-03-01,1984,Mar
198404,0.1478,1252,1984-04-01,1984,Apr
198405,0.2815,1253,1984-05-01,1984,May
198406,0.1292,1254,1984-06-01,1984,Jun
198407,0.117,1255,1984-07-01,1984,Jul
198408,0.1662,1256,1984-08-01,1984,Aug
198409,0.1406,1257,1984-09-01,1984,Sep
198410,0.1172,1258,1984-10-01,1984,Oct
198411,0.0355,1259,1984-11-01,1984,Nov
198412,-0.0938,1260,1984-12-01,1984,Dec
198501,0.1765,1261,1985-01-01,1985,Jan
198502,0.016,1262,1985-02-01,1985,Feb
198503,0.1852,1263,1985-03-01,1985,Mar
198504,0.1452,1264,1985-04-01,1985,Apr
198505,0.1928,1265,1985-05-01,1985,May
198506,0.1267,1266,1985-06-01,1985,Jun
198507,0.0757,1267,1985-07-01,1985,Jul
198508,0.126,1268,1985-08-01,1985,Aug
198509,0.1,1269,1985-09-01,1985,Sep
198510,0.1282,1270,1985-10-01,1985,Oct
198511,0.1158,1271,1985-11-01,1985,Nov
198512,0.1963,1272,1985-12-01,1985,Dec
198601,0.3226,1273,1986-01-01,1986,Jan
198602,0.2776,1274,1986-02-01,1986,Feb
198603,0.2944,1275,1986-03-01,1986,Mar
198604,0.2583,1276,1986-04-01,1986,Apr
198605,0.2478,1277,1986-05-01,1986,May
198606,0.2518,1278,1986-06-01,1986,Jun
198607,0.1659,1279,1986-07-01,1986,Jul
198608,0.1671,1280,1986-08-01,1986,Aug
198609,0.1695,1281,1986-09-01,1986,Sep
198610,0.2054,1282,1986-10-01,1986,Oct
198611,0.1525,1283,1986-11-01,1986,Nov
198612,0.2169,1284,1986-12-01,1986,Dec
198701,0.3091,1285,1987-01-01,1987,Jan
198702,0.5008,1286,1987-02-01,1987,Feb
198703,0.253,1287,1987-03-01,1987,Mar
198704,0.2979,1288,1987-04-01,1987,Apr
198705,0.3307,1289,1987-05-01,1987,May
198706,0.3001,1290,1987-06-01,1987,Jun
198707,0.4178,1291,1987-07-01,1987,Jul
198708,0.3828,1292,1987-08-01,1987,Aug
198709,0.4326,1293,1987-09-01,1987,Sep
198710,0.3341,1294,1987-10-01,1987,Oct
198711,0.3292,1295,1987-11-01,1987,Nov
198712,0.529,1296,1987-12-01,1987,Dec
198801,0.5476,1297,1988-01-01,1988,Jan
198802,0.3895,1298,1988-02-01,1988,Feb
198803,0.483,1299,1988-03-01,1988,Mar
198804,0.4416,1300,1988-04-01,1988,Apr
198805,0.3788,1301,1988-05-01,1988,May
198806,0.3851,1302,1988-06-01,1988,Jun
198807,0.3405,1303,1988-07-01,1988,Jul
198808,0.3184,1304,1988-08-01,1988,Aug
198809,0.3188,1305,1988-09-01,1988,Sep
198810,0.299,1306,1988-10-01,1988,Oct
198811,0.2288,1307,1988-11-01,1988,Nov
198812,0.3596,1308,1988-12-01,1988,Dec
198901,0.2131,1309,1989-01-01,1989,Jan
198902,0.3053,1310,1989-02-01,1989,Feb
198903,0.3339,1311,1989-03-01,1989,Mar
198904,0.2864,1312,1989-04-01,1989,Apr
198905,0.2762,1313,1989-05-01,1989,May
198906,0.2714,1314,1989-06-01,1989,Jun
198907,0.3004,1315,1989-07-01,1989,Jul
198908,0.3004,1316,1989-08-01,1989,Aug
198909,0.302,1317,1989-09-01,1989,Sep
198910,0.3025,1318,1989-10-01,1989,Oct
198911,0.2508,1319,1989-11-01,1989,Nov
198912,0.3984,1320,1989-12-01,1989,Dec
199001,0.3597,1321,1990-01-01,1990,Jan
199002,0.405,1322,1990-02-01,1990,Feb
199003,0.7323,1323,1990-03-01,1990,Mar
199004,0.4879,1324,1990-04-01,1990,Apr
199005,0.425,1325,1990-05-01,1990,May
199006,0.4085,1326,1990-06-01,1990,Jun
199007,0.3425,1327,1990-07-01,1990,Jul
199008,0.3447,1328,1990-08-01,1990,Aug
199009,0.3118,1329,1990-09-01,1990,Sep
199010,0.4247,1330,1990-10-01,1990,Oct
199011,0.4758,1331,1990-11-01,1990,Nov
199012,0.4445,1332,1990-12-01,1990,Dec
199101,0.4493,1333,1991-01-01,1991,Jan
199102,0.4627,1334,1991-02-01,1991,Feb
199103,0.365,1335,1991-03-01,1991,Mar
199104,0.5145,1336,1991-04-01,1991,Apr
199105,0.4067,1337,1991-05-01,1991,May
199106,0.4772,1338,1991-06-01,1991,Jun
199107,0.4416,1339,1991-07-01,1991,Jul
199108,0.3846,1340,1991-08-01,1991,Aug
199109,0.3862,1341,1991-09-01,1991,Sep
199110,0.3271,1342,1991-10-01,1991,Oct
199111,0.3154,1343,1991-11-01,1991,Nov
199112,0.3032,1344,1991-12-01,1991,Dec
199201,0.4717,1345,1992-01-01,1992,Jan
199202,0.4476,1346,1992-02-01,1992,Feb
199203,0.4321,1347,1992-03-01,1992,Mar
199204,0.2914,1348,1992-04-01,1992,Apr
199205,0.3256,1349,1992-05-01,1992,May
199206,0.2808,1350,1992-06-01,1992,Jun
199207,0.133,1351,1992-07-01,1992,Jul
199208,0.1386,1352,1992-08-01,1992,Aug
199209,0.0557,1353,1992-09-01,1992,Sep
199210,0.1131,1354,1992-10-01,1992,Oct
199211,0.0904,1355,1992-11-01,1992,Nov
199212,0.28,1356,1992-12-01,1992,Dec
199301,0.3787,1357,1993-01-01,1993,Jan
199302,0.389,1358,1993-02-01,1993,Feb
199303,0.4151,1359,1993-03-01,1993,Mar
199304,0.3123,1360,1993-04-01,1993,Apr
199305,0.3398,1361,1993-05-01,1993,May
199306,0.2892,1362,1993-06-01,1993,Jun
199307,0.2299,1363,1993-07-01,1993,Jul
199308,0.2083,1364,1993-08-01,1993,Aug
199309,0.167,1365,1993-09-01,1993,Sep
199310,0.2419,1366,1993-10-01,1993,Oct
199311,0.0882,1367,1993-11-01,1993,Nov
199312,0.3131,1368,1993-12-01,1993,Dec
199401,0.2862,1369,1994-01-01,1994,Jan
199402,0.0744,1370,1994-02-01,1994,Feb
199403,0.3518,1371,1994-03-01,1994,Mar
199404,0.3546,1372,1994-04-01,1994,Apr
199405,0.3774,1373,1994-05-01,1994,May
199406,0.3804,1374,1994-06-01,1994,Jun
199407,0.3125,1375,1994-07-01,1994,Jul
199408,0.3082,1376,1994-08-01,1994,Aug
199409,0.3294,1377,1994-09-01,1994,Sep
199410,0.4251,1378,1994-10-01,1994,Oct
199411,0.4506,1379,1994-11-01,1994,Nov
199412,0.3982,1380,1994-12-01,1994,Dec
199501,0.5479,1381,1995-01-01,1995,Jan
199502,0.6875,1382,1995-02-01,1995,Feb
199503,0.4602,1383,1995-03-01,1995,Mar
199504,0.4079,1384,1995-04-01,1995,Apr
199505,0.3514,1385,1995-05-01,1995,May
199506,0.4621,1386,1995-06-01,1995,Jun
199507,0.4302,1387,1995-07-01,1995,Jul
199508,0.5036,1388,1995-08-01,1995,Aug
199509,0.3851,1389,1995-09-01,1995,Sep
199510,0.4352,1390,1995-10-01,1995,Oct
199511,0.4526,1391,1995-11-01,1995,Nov
199512,0.3435,1392,1995-12-01,1995,Dec
199601,0.261,1393,1996-01-01,1996,Jan
199602,0.452,1394,1996-02-01,1996,Feb
199603,0.3162,1395,1996-03-01,1996,Mar
199604,0.2672,1396,1996-04-01,1996,Apr
199605,0.383,1397,1996-05-01,1996,May
199606,0.3532,1398,1996-06-01,1996,Jun
199607,0.3221,1399,1996-07-01,1996,Jul
199608,0.3139,1400,1996-08-01,1996,Aug
199609,0.2649,1401,1996-09-01,1996,Sep
199610,0.2272,1402,1996-10-01,1996,Oct
199611,0.28,1403,1996-11-01,1996,Nov
199612,0.3848,1404,1996-12-01,1996,Dec
199701,0.3722,1405,1997-01-01,1997,Jan
199702,0.4259,1406,1997-02-01,1997,Feb
199703,0.4613,1407,1997-03-01,1997,Mar
199704,0.4506,1408,1997-04-01,1997,Apr
199705,0.4218,1409,1997-05-01,1997,May
199706,0.5306,1410,1997-06-01,1997,Jun
199707,0.5064,1411,1997-07-01,1997,Jul
199708,0.5442,1412,1997-08-01,1997,Aug
199709,0.6205,1413,1997-09-01,1997,Sep
199710,0.6443,1414,1997-10-01,1997,Oct
199711,0.583,1415,1997-11-01,1997,Nov
199712,0.6263,1416,1997-12-01,1997,Dec
199801,0.6043,1417,1998-01-01,1998,Jan
199802,0.8618,1418,1998-02-01,1998,Feb
199803,0.6394,1419,1998-03-01,1998,Mar
199804,0.7312,1420,1998-04-01,1998,Apr
199805,0.666,1421,1998-05-01,1998,May
199806,0.6622,1422,1998-06-01,1998,Jun
199807,0.7313,1423,1998-07-01,1998,Jul
199808,0.6772,1424,1998-08-01,1998,Aug
199809,0.5225,1425,1998-09-01,1998,Sep
199810,0.4943,1426,1998-10-01,1998,Oct
199811,0.4091,1427,1998-11-01,1998,Nov
199812,0.5787,1428,1998-12-01,1998,Dec
199901,0.4967,1429,1999-01-01,1999,Jan
199902,0.6676,1430,1999-02-01,1999,Feb
199903,0.3665,1431,1999-03-01,1999,Mar
199904,0.4544,1432,1999-04-01,1999,Apr
199905,0.4062,1433,1999-05-01,1999,May
199906,0.4169,1434,1999-06-01,1999,Jun
199907,0.3997,1435,1999-07-01,1999,Jul
199908,0.3663,1436,1999-08-01,1999,Aug
199909,0.3993,1437,1999-09-01,1999,Sep
199910,0.3752,1438,1999-10-01,1999,Oct
199911,0.3652,1439,1999-11-01,1999,Nov
199912,0.5723,1440,1999-12-01,1999,Dec
200001,0.3414,1441,2000-01-01,2000,Jan
200002,0.5378,1442,2000-02-01,2000,Feb
200003,0.5523,1443,2000-03-01,2000,Mar
200004,0.6285,1444,2000-04-01,2000,Apr
200005,0.4637,1445,2000-05-01,2000,May
200006,0.4048,1446,2000-06-01,2000,Jun
200007,0.3887,1447,2000-07-01,2000,Jul
200008,0.4532,1448,2000-08-01,2000,Aug
200009,0.4379,1449,2000-09-01,2000,Sep
200010,0.3008,1450,2000-10-01,2000,Oct
200011,0.2566,1451,2000-11-01,2000,Nov
200012,0.3157,1452,2000-12-01,2000,Dec
200101,0.4685,1453,2001-01-01,2001,Jan
200102,0.3904,1454,2001-02-01,2001,Feb
200103,0.6233,1455,2001-03-01,2001,Mar
200104,0.5603,1456,2001-04-01,2001,Apr
200105,0.5931,1457,2001-05-01,2001,May
200106,0.5325,1458,2001-06-01,2001,Jun
200107,0.5525,1459,2001-07-01,2001,Jul
200108,0.5979,1460,2001-08-01,2001,Aug
200109,0.501,1461,2001-09-01,2001,Sep
200110,0.4995,1462,2001-10-01,2001,Oct
200111,0.6881,1463,2001-11-01,2001,Nov
200112,0.5045,1464,2001-12-01,2001,Dec
200201,0.6915,1465,2002-01-01,2002,Jan
200202,0.7834,1466,2002-02-01,2002,Feb
200203,0.7865,1467,2002-03-01,2002,Mar
200204,0.5669,1468,2002-04-01,2002,Apr
200205,0.5593,1469,2002-05-01,2002,May
200206,0.5825,1470,2002-06-01,2002,Jun
200207,0.6181,1471,2002-07-01,2002,Jul
200208,0.5333,1472,2002-08-01,2002,Aug
200209,0.5638,1473,2002-09-01,2002,Sep
200210,0.4762,1474,2002-10-01,2002,Oct
200211,0.5885,1475,2002-11-01,2002,Nov
200212,0.4336,1476,2002-12-01,2002,Dec
200301,0.6838,1477,2003-01-01,2003,Jan
200302,0.5567,1478,2003-02-01,2003,Feb
200303,0.5649,1479,2003-03-01,2003,Mar
200304,0.5546,1480,2003-04-01,2003,Apr
200305,0.5933,1481,2003-05-01,2003,May
200306,0.5367,1482,2003-06-01,2003,Jun
200307,0.5411,1483,2003-07-01,2003,Jul
200308,0.6184,1484,2003-08-01,2003,Aug
200309,0.6395,1485,2003-09-01,2003,Sep
200310,0.7251,1486,2003-10-01,2003,Oct
200311,0.576,1487,2003-11-01,2003,Nov
200312,0.7353,1488,2003-12-01,2003,Dec
200401,0.5945,1489,2004-01-01,2004,Jan
200402,0.7194,1490,2004-02-01,2004,Feb
200403,0.6961,1491,2004-03-01,2004,Mar
200404,0.5946,1492,2004-04-01,2004,Apr
200405,0.4482,1493,2004-05-01,2004,May
200406,0.4736,1494,2004-06-01,2004,Jun
200407,0.4792,1495,2004-07-01,2004,Jul
200408,0.5174,1496,2004-08-01,2004,Aug
200409,0.5321,1497,2004-09-01,2004,Sep
200410,0.6177,1498,2004-10-01,2004,Oct
200411,0.7613,1499,2004-11-01,2004,Nov
200412,0.507,1500,2004-12-01,2004,Dec
200501,0.6218,1501,2005-01-01,2005,Jan
200502,0.5143,1502,2005-02-01,2005,Feb
200503,0.6927,1503,2005-03-01,2005,Mar
200504,0.7288,1504,2005-04-01,2005,Apr
200505,0.6564,1505,2005-05-01,2005,May
200506,0.6702,1506,2005-06-01,2005,Jun
200507,0.6581,1507,2005-07-01,2005,Jul
200508,0.6234,1508,2005-08-01,2005,Aug
200509,0.6851,1509,2005-09-01,2005,Sep
200510,0.6905,1510,2005-10-01,2005,Oct
200511,0.7263,1511,2005-11-01,2005,Nov
200512,0.6203,1512,2005-12-01,2005,Dec
200601,0.456,1513,2006-01-01,2006,Jan
200602,0.6191,1514,2006-02-01,2006,Feb
200603,0.5952,1515,2006-03-01,2006,Mar
200604,0.5203,1516,2006-04-01,2006,Apr
200605,0.5507,1517,2006-05-01,2006,May
200606,0.6375,1518,2006-06-01,2006,Jun
200607,0.6195,1519,2006-07-01,2006,Jul
200608,0.6228,1520,2006-08-01,2006,Aug
200609,0.6335,1521,2006-09-01,2006,Sep
200610,0.6823,1522,2006-10-01,2006,Oct
200611,0.6484,1523,2006-11-01,2006,Nov
200612,0.7714,1524,2006-12-01,2006,Dec
200701,0.8847,1525,2007-01-01,2007,Jan
200702,0.6644,1526,2007-02-01,2007,Feb
200703,0.6686,1527,2007-03-01,2007,Mar
200704,0.7378,1528,2007-04-01,2007,Apr
200705,0.6085,1529,2007-05-01,2007,May
200706,0.5381,1530,2007-06-01,2007,Jun
200707,0.5272,1531,2007-07-01,2007,Jul
200708,0.5525,1532,2007-08-01,2007,Aug
200709,0.5786,1533,2007-09-01,2007,Sep
200710,0.5681,1534,2007-10-01,2007,Oct
200711,0.5204,1535,2007-11-01,2007,Nov
200712,0.4885,1536,2007-12-01,2007,Dec
200801,0.275,1537,2008-01-01,2008,Jan
200802,0.3817,1538,2008-02-01,2008,Feb
200803,0.7659,1539,2008-03-01,2008,Mar
200804,0.4822,1540,2008-04-01,2008,Apr
200805,0.4979,1541,2008-05-01,2008,May
200806,0.5293,1542,2008-06-01,2008,Jun
200807,0.5782,1543,2008-07-01,2008,Jul
200808,0.5556,1544,2008-08-01,2008,Aug
200809,0.5296,1545,2008-09-01,2008,Sep
200810,0.6694,1546,2008-10-01,2008,Oct
200811,0.6708,1547,2008-11-01,2008,Nov
200812,0.5632,1548,2008-12-01,2008,Dec
200901,0.5929,1549,2009-01-01,2009,Jan
200902,0.5653,1550,2009-02-01,2009,Feb
200903,0.5777,1551,2009-03-01,2009,Mar
200904,0.6524,1552,2009-04-01,2009,Apr
200905,0.5883,1553,2009-05-01,2009,May
200906,0.6733,1554,2009-06-01,2009,Jun
200907,0.6444,1555,2009-07-01,2009,Jul
200908,0.698,1556,2009-08-01,2009,Aug
200909,0.7083,1557,2009-09-01,2009,Sep
200910,0.6407,1558,2009-10-01,2009,Oct
200911,0.6717,1559,2009-11-01,2009,Nov
200912,0.6137,1560,2009-12-01,2009,Dec
201001,0.6976,1561,2010-01-01,2010,Jan
201002,0.7032,1562,2010-02-01,2010,Feb
201003,0.8475,1563,2010-03-01,2010,Mar
201004,0.8299,1564,2010-04-01,2010,Apr
201005,0.757,1565,2010-05-01,2010,May
201006,0.7322,1566,2010-06-01,2010,Jun
201007,0.7286,1567,2010-07-01,2010,Jul
201008,0.6586,1568,2010-08-01,2010,Aug
201009,0.5724,1569,2010-09-01,2010,Sep
201010,0.6264,1570,2010-10-01,2010,Oct
201011,0.7716,1571,2010-11-01,2010,Nov
201012,0.4883,1572,2010-12-01,2010,Dec
201101,0.468,1573,2011-01-01,2011,Jan
201102,0.4928,1574,2011-02-01,2011,Feb
201103,0.5891,1575,2011-03-01,2011,Mar
201104,0.6555,1576,2011-04-01,2011,Apr
201105,0.5743,1577,2011-05-01,2011,May
201106,0.6456,1578,2011-06-01,2011,Jun
201107,0.6303,1579,2011-07-01,2011,Jul
201108,0.6137,1580,2011-08-01,2011,Aug
201109,0.5995,1581,2011-09-01,2011,Sep
201110,0.6348,1582,2011-10-01,2011,Oct
201111,0.4839,1583,2011-11-01,2011,Nov
201112,0.5451,1584,2011-12-01,2011,Dec
201201,0.4204,1585,2012-01-01,2012,Jan
201202,0.4199,1586,2012-02-01,2012,Feb
201203,0.521,1587,2012-03-01,2012,Mar
201204,0.7302,1588,2012-04-01,2012,Apr
201205,0.7169,1589,2012-05-01,2012,May
201206,0.7014,1590,2012-06-01,2012,Jun
201207,0.685,1591,2012-07-01,2012,Jul
201208,0.6679,1592,2012-08-01,2012,Aug
201209,0.7241,1593,2012-09-01,2012,Sep
201210,0.7024,1594,2012-10-01,2012,Oct
201211,0.7084,1595,2012-11-01,2012,Nov
201212,0.462,1596,2012-12-01,2012,Dec
201301,0.5887,1597,2013-01-01,2013,Jan
201302,0.6346,1598,2013-02-01,2013,Feb
201303,0.6126,1599,2013-03-01,2013,Mar
201304,0.5607,1600,2013-04-01,2013,Apr
201305,0.7141,1601,2013-05-01,2013,May
201306,0.6858,1602,2013-06-01,2013,Jun
201307,0.6689,1603,2013-07-01,2013,Jul
201308,0.6602,1604,2013-08-01,2013,Aug
201309,0.6838,1605,2013-09-01,2013,Sep
201310,0.6786,1606,2013-10-01,2013,Oct
201311,0.829,1607,2013-11-01,2013,Nov
201312,0.6983,1608,2013-12-01,2013,Dec
201401,0.6936,1609,2014-01-01,2014,Jan
201402,0.4772,1610,2014-02-01,2014,Feb
201403,0.7689,1611,2014-03-01,2014,Mar
201404,0.8009,1612,2014-04-01,2014,Apr
201405,0.7934,1613,2014-05-01,2014,May
201406,0.7634,1614,2014-06-01,2014,Jun
201407,0.6978,1615,2014-07-01,2014,Jul
201408,0.8008,1616,2014-08-01,2014,Aug
201409,0.7909,1617,2014-09-01,2014,Sep
201410,0.7859,1618,2014-10-01,2014,Oct
201411,0.6914,1619,2014-11-01,2014,Nov
201412,0.8308,1620,2014-12-01,2014,Dec
201501,0.815,1621,2015-01-01,2015,Jan
201502,0.8848,1622,2015-02-01,2015,Feb
201503,0.9019,1623,2015-03-01,2015,Mar
201504,0.7782,1624,2015-04-01,2015,Apr
201505,0.8589,1625,2015-05-01,2015,May
201506,0.8859,1626,2015-06-01,2015,Jun
201507,0.8114,1627,2015-07-01,2015,Jul
201508,0.8745,1628,2015-08-01,2015,Aug
201509,0.9276,1629,2015-09-01,2015,Sep
201510,0.9911,1630,2015-10-01,2015,Oct
201511,0.9676,1631,2015-11-01,2015,Nov
201512,1.1204,1632,2015-12-01,2015,Dec
201601,1.0467,1633,2016-01-01,2016,Jan
201602,1.1981,1634,2016-02-01,2016,Feb
201603,1.2293,1635,2016-03-01,2016,Mar
201604,1.0737,1636,2016-04-01,2016,Apr
201605,0.882,1637,2016-05-01,2016,May
201606,0.9072,1638,2016-06-01,2016,Jun
201607,0.8716,1639,2016-07-01,2016,Jul
201608,0.9024,1640,2016-08-01,2016,Aug
201609,0.8844,1641,2016-09-01,2016,Sep
201610,0.7385,1642,2016-10-01,2016,Oct
201611,0.7467,1643,2016-11-01,2016,Nov
201612,0.7916,1644,2016-12-01,2016,Dec
201701,0.8927,1645,2017-01-01,2017,Jan
201702,0.9782,1646,2017-02-01,2017,Feb
